Наименование;Цена;Фото
Сотовый телефон Samsung Galaxy S23 Ultra 12/512GB зеленый;104250 сом;/images/product/118784/1679158987_31384800.jpg
Сотовый телефон Samsung Galaxy S23 Ultra 12/512GB кремовый;104250 сом;/images/product/118785/1679159066_25158800.jpg
Сотовый телефон Samsung Galaxy S23 Ultra 12/512GB графит;104250 сом;/images/product/118786/1679159154_75202700.jpg
Сотовый телефон Samsung Galaxy S23 Ultra 12/512GB голубой;104250 сом;/images/product/118787/1679159225_02657600.jpg
Сотовый телефон Samsung Galaxy S23 Ultra 12/512GB лайм;104250 сом;/images/product/118788/1679159303_34858200.jpg
Сотовый телефон Samsung Galaxy S23 Ultra 12/512GB красный;104250 сом;/images/product/118789/1679159390_27278700.jpg
Сотовый телефон Apple iPhone 13 128GB зеленый;62320 сом;/images/product/105482/1650357323_84906500.png
Сотовый телефон Apple iPhone 13 mini 128GB зеленый;59740 сом;/images/product/109836/1660984279_46653000.jpg
Сотовый телефон Xiaomi Poco M5 6/128GB желтый;13640 сом;/images/product/114706/1670170580_42110600.jpg
Сотовый телефон Samsung Galaxy S23 8/256GB черный;62770 сом;/images/product/118814/1679251526_93886600.jpg
Сотовый телефон Samsung Galaxy S23 8/256GB кремовый;62770 сом;/images/product/118815/1679251533_94566200.jpg
Сотовый телефон Samsung Galaxy S23 8/256GB зеленый;62770 сом;/images/product/118816/1679251537_66730500.jpg
Сотовый телефон Samsung Galaxy S23 8/256GB лавандовый;62770 сом;/images/product/118817/1679251540_63725600.jpg
Сотовый телефон Samsung Galaxy S23 8/256GB графит;62770 сом;/images/product/118818/1679251543_11137000.jpg
Сотовый телефон Samsung Galaxy S23 8/256GB лайм;62770 сом;/images/product/118819/1679251545_73126500.jpg
Сотовый телефон Samsung Galaxy S23 Plus 8/256GB черный;70890 сом;/images/product/118820/1679252408_56763800.jpg
Сотовый телефон Samsung Galaxy S23 Plus 8/256GB кремовый;70890 сом;/images/product/118821/1679252780_88854600.jpg
Сотовый телефон Samsung Galaxy S23 Plus 8/256GB зеленый;70890 сом;/images/product/118822/1679252946_94063400.jpg
Сотовый телефон Samsung Galaxy S23 Plus 8/256GB графит;70890 сом;/images/product/118823/1679253149_41234400.jpg
Сотовый телефон Xiaomi Redmi 12C 4/128GB фиолетовый;10710 сом;/images/product/119847/1680853327_94505700.png
